Ticker,Date,Price,Open,High,Low,Change %
VLAV,2023-01-13,"9,170.02","9,128.11","9,177.95","9,056.28",0.46%
VLAV,2023-01-16,"9,169.82","9,170.02","9,170.11","9,169.40",0.00%
VLAV,2023-01-17,"9,158.53","9,169.82","9,203.16","9,145.57",-0.12%
VLAV,2023-01-18,"9,033.76","9,158.53","9,244.33","9,033.76",-1.36%
VLAV,2023-01-19,"8,942.07","9,033.76","9,033.76","8,900.69",-1.01%
VLAV,2023-01-20,"9,103.94","8,942.07","9,103.94","8,939.75",1.81%
VLAV,2023-01-23,"9,225.21","9,103.94","9,250.37","9,103.94",1.33%
VLAV,2023-01-24,"9,193.55","9,225.21","9,225.21","9,153.70",-0.34%
VLAV,2023-01-25,"9,221.19","9,193.55","9,221.77","9,076.01",0.30%
VLAV,2023-01-26,"9,296.10","9,221.19","9,296.10","9,199.58",0.81%
VLAV,2023-01-27,"9,335.92","9,296.10","9,371.39","9,269.00",0.43%
VLAV,2023-01-30,"9,232.19","9,335.92","9,336.87","9,229.95",-1.11%
VLAV,2023-01-31,"9,423.85","9,232.19","9,424.30","9,232.19",2.08%
VLAV,2023-02-13,"9,480.83","9,366.52","9,481.64","9,354.92",1.22%
VLAV,2023-02-14,"9,484.96","9,480.83","9,533.76","9,394.07",0.04%
VLAV,2023-02-15,"9,570.49","9,484.96","9,570.49","9,426.06",0.90%
VLAV,2023-02-16,"9,480.82","9,570.49","9,570.49","9,438.34",-0.94%
VLAV,2023-02-17,"9,470.20","9,480.87","9,480.87","9,396.44",-0.11%
VLAV,2023-02-20,"9,470.20","9,470.20","9,470.20","9,470.20",0.00%
VLAV,2023-02-21,"9,232.94","9,470.20","9,470.20","9,227.53",-2.51%
VLAV,2023-02-22,"9,251.73","9,232.94","9,302.51","9,221.59",0.20%
VLAV,2023-02-23,"9,286.65","9,251.73","9,325.89","9,182.66",0.38%
VLAV,2023-02-24,"9,201.26","9,286.65","9,286.65","9,128.40",-0.92%
VLAV,2023-02-27,"9,218.26","9,201.26","9,308.14","9,201.26",0.18%
VLAV,2023-02-28,"9,199.33","9,218.26","9,263.11","9,197.67",-0.21%
VLAV,2023-03-13,"8,636.51","8,758.80","8,758.80","8,557.23",-1.40%
VLAV,2023-03-14,"8,762.63","8,636.51","8,856.24","8,636.51",1.46%
VLAV,2023-03-15,"8,610.44","8,762.63","8,762.63","8,484.12",-1.74%
VLAV,2023-03-16,"8,729.06","8,610.44","8,749.90","8,503.81",1.38%
VLAV,2023-03-17,"8,555.24","8,729.06","8,729.06","8,532.80",-1.99%
VLAV,2023-03-20,"8,653.69","8,555.24","8,710.15","8,555.24",1.15%
VLAV,2023-03-21,"8,802.89","8,653.69","8,827.34","8,653.69",1.72%
VLAV,2023-03-22,"8,612.34","8,802.89","8,841.77","8,610.25",-2.16%
VLAV,2023-03-23,"8,578.60","8,612.34","8,753.42","8,519.70",-0.39%
VLAV,2023-03-24,"8,625.76","8,578.60","8,629.75","8,466.42",0.55%
VLAV,2023-03-27,"8,705.29","8,625.76","8,745.48","8,625.76",0.92%
VLAV,2023-03-28,"8,724.53","8,705.29","8,746.69","8,685.92",0.22%
VLAV,2023-03-29,"8,836.59","8,724.53","8,840.09","8,724.53",1.28%
VLAV,2023-03-30,"8,870.28","8,836.59","8,925.68","8,836.59",0.38%
VLAV,2023-03-31,"9,024.94","8,870.28","9,025.21","8,870.28",1.74%
VLAV,2023-04-13,"9,026.68","8,945.21","9,041.01","8,945.21",0.91%
VLAV,2023-04-14,"8,977.44","9,026.68","9,070.26","8,930.67",-0.55%
VLAV,2023-04-17,"9,033.90","8,977.44","9,033.90","8,968.73",0.63%
VLAV,2023-04-18,"9,028.30","9,033.90","9,075.99","8,996.87",-0.06%
VLAV,2023-04-19,"9,028.20","9,028.30","9,040.10","8,969.73",0.00%
VLAV,2023-04-20,"8,975.01","9,028.20","9,028.20","8,944.20",-0.59%
VLAV,2023-04-21,"8,973.80","8,975.01","8,982.92","8,926.26",-0.01%
VLAV,2023-04-24,"8,978.75","8,973.80","9,003.41","8,942.56",0.06%
VLAV,2023-04-25,"8,784.57","8,978.75","8,978.75","8,784.38",-2.16%
VLAV,2023-04-26,"8,709.35","8,784.57","8,793.38","8,693.45",-0.86%
VLAV,2023-04-27,"8,840.28","8,709.35","8,841.59","8,709.35",1.50%
VLAV,2023-04-28,"8,922.76","8,840.28","8,931.85","8,819.39",0.93%
VLAV,2023-05-15,"8,799.26","8,712.49","8,819.04","8,712.49",1.00%
VLAV,2023-05-16,"8,666.47","8,799.26","8,799.26","8,666.47",-1.51%
VLAV,2023-05-17,"8,819.57","8,666.47","8,829.78","8,666.47",1.77%
VLAV,2023-05-18,"8,889.28","8,819.57","8,897.23","8,785.25",0.79%
VLAV,2023-05-19,"8,835.74","8,889.28","8,929.11","8,815.54",-0.60%
VLAV,2023-05-22,"8,881.32","8,835.74","8,913.08","8,824.38",0.52%
VLAV,2023-05-23,"8,809.66","8,881.32","8,920.66","8,809.48",-0.81%
VLAV,2023-05-24,"8,711.98","8,809.66","8,809.66","8,686.75",-1.11%
VLAV,2023-05-25,"8,679.52","8,711.98","8,713.62","8,621.63",-0.37%
VLAV,2023-05-26,"8,764.68","8,679.52","8,776.47","8,679.52",0.98%
VLAV,2023-05-29,"8,765.72","8,764.68","8,765.96","8,764.66",0.01%
VLAV,2023-05-30,"8,738.04","8,765.72","8,806.85","8,711.96",-0.32%
VLAV,2023-05-31,"8,641.59","8,738.04","8,738.04","8,593.27",-1.10%
VLAV,2023-06-13,"9,261.91","9,159.26","9,281.73","9,159.26",1.12%
VLAV,2023-06-14,"9,214.20","9,261.91","9,310.53","9,164.00",-0.52%
VLAV,2023-06-15,"9,306.49","9,214.20","9,314.99","9,188.60",1.00%
VLAV,2023-06-16,"9,274.15","9,306.49","9,354.10","9,249.55",-0.35%
VLAV,2023-06-19,"9,273.93","9,274.15","9,274.26","9,273.80",0.00%
VLAV,2023-06-20,"9,200.37","9,273.93","9,273.93","9,163.95",-0.79%
VLAV,2023-06-21,"9,184.31","9,200.37","9,224.83","9,145.49",-0.17%
VLAV,2023-06-22,"9,134.70","9,184.31","9,184.31","9,099.39",-0.54%
VLAV,2023-06-23,"9,027.65","9,134.70","9,134.70","9,017.93",-1.17%
VLAV,2023-06-26,"9,081.84","9,027.65","9,120.68","9,027.65",0.60%
VLAV,2023-06-27,"9,217.46","9,081.84","9,233.63","9,081.84",1.49%
VLAV,2023-06-28,"9,221.00","9,217.46","9,223.31","9,171.25",0.04%
VLAV,2023-06-29,"9,317.05","9,221.00","9,317.74","9,221.00",1.04%
VLAV,2023-06-30,"9,381.35","9,317.05","9,411.65","9,317.05",0.69%
VLAV,2023-07-13,"9,658.39","9,586.04","9,667.77","9,586.04",0.75%
VLAV,2023-07-14,"9,568.30","9,658.39","9,658.39","9,535.88",-0.93%
VLAV,2023-07-17,"9,605.39","9,568.30","9,628.33","9,536.58",0.39%
VLAV,2023-07-18,"9,693.96","9,605.39","9,705.20","9,605.39",0.92%
VLAV,2023-07-19,"9,747.96","9,693.96","9,761.52","9,693.96",0.56%
VLAV,2023-07-20,"9,698.53","9,747.96","9,747.96","9,671.28",-0.51%
VLAV,2023-07-21,"9,687.27","9,698.53","9,742.99","9,681.91",-0.12%
VLAV,2023-07-24,"9,711.16","9,718.02","9,736.75","9,680.52",0.25%
VLAV,2023-07-25,"9,721.94","9,711.16","9,752.91","9,694.44",0.11%
VLAV,2023-07-26,"9,763.59","9,721.94","9,781.94","9,702.54",0.43%
VLAV,2023-07-27,"9,658.06","9,763.59","9,814.27","9,639.27",-1.08%
VLAV,2023-07-28,"9,743.55","9,658.06","9,756.59","9,658.06",0.89%
VLAV,2023-07-31,"9,818.83","9,743.55","9,819.86","9,743.55",0.77%
VLAV,2023-08-14,"9,525.06","9,532.09","9,532.09","9,458.55",-0.07%
VLAV,2023-08-15,"9,392.97","9,525.06","9,525.06","9,391.07",-1.39%
VLAV,2023-08-16,"9,307.62","9,392.97","9,415.69","9,307.62",-0.91%
VLAV,2023-08-17,"9,222.83","9,307.62","9,343.57","9,222.05",-0.91%
VLAV,2023-08-18,"9,250.86","9,222.83","9,270.28","9,153.28",0.30%
VLAV,2023-08-21,"9,240.77","9,250.86","9,274.27","9,191.43",-0.11%
VLAV,2023-08-22,"9,207.80","9,240.77","9,270.04","9,194.50",-0.36%
VLAV,2023-08-23,"9,292.64","9,207.80","9,300.74","9,205.17",0.92%
VLAV,2023-08-24,"9,187.75","9,292.64","9,320.38","9,187.36",-1.13%
VLAV,2023-08-25,"9,227.98","9,187.75","9,262.98","9,142.20",0.44%
VLAV,2023-08-28,"9,303.18","9,227.98","9,331.93","9,227.98",0.81%
VLAV,2023-08-29,"9,429.99","9,303.18","9,430.03","9,292.22",1.36%
VLAV,2023-08-30,"9,463.42","9,429.99","9,487.28","9,422.15",0.35%
VLAV,2023-08-31,"9,442.99","9,463.42","9,500.04","9,441.30",-0.22%
VLAV,2023-09-13,"9,189.92","9,236.21","9,243.11","9,167.97",-0.50%
VLAV,2023-09-14,"9,313.73","9,189.92","9,318.18","9,189.92",1.35%
VLAV,2023-09-15,"9,231.37","9,313.73","9,313.73","9,212.37",-0.88%
VLAV,2023-09-18,"9,200.69","9,231.37","9,231.44","9,191.72",-0.33%
VLAV,2023-09-19,"9,178.46","9,200.69","9,221.90","9,147.60",-0.24%
VLAV,2023-09-20,"9,134.09","9,178.46","9,255.59","9,134.05",-0.48%
VLAV,2023-09-21,"8,985.69","9,134.09","9,134.09","8,985.52",-1.62%
VLAV,2023-09-22,"8,956.04","8,985.69","9,027.42","8,955.17",-0.33%
VLAV,2023-09-25,"8,978.15","8,956.04","8,992.35","8,909.18",0.25%
VLAV,2023-09-26,"8,845.25","8,978.15","8,978.15","8,845.25",-1.48%
VLAV,2023-09-27,"8,891.08","8,845.25","8,927.25","8,827.31",0.52%
VLAV,2023-09-28,"8,971.98","8,891.08","9,008.21","8,891.02",0.91%
VLAV,2023-09-29,"8,950.78","8,971.98","9,051.40","8,933.51",-0.24%
VLAV,2023-10-13,"8,714.58","8,761.70","8,794.39","8,689.09",-0.54%
VLAV,2023-10-16,"8,852.91","8,714.58","8,867.45","8,714.58",1.59%
VLAV,2023-10-17,"8,928.62","8,852.91","8,983.75","8,800.77",0.86%
VLAV,2023-10-18,"8,761.50","8,928.62","8,928.62","8,756.31",-1.87%
VLAV,2023-10-19,"8,647.87","8,761.50","8,794.35","8,632.43",-1.30%
VLAV,2023-10-20,"8,549.07","8,647.87","8,648.11","8,546.50",-1.14%
VLAV,2023-10-23,"8,476.38","8,549.07","8,581.43","8,463.92",-0.85%
VLAV,2023-10-24,"8,539.69","8,476.38","8,590.70","8,476.38",0.75%
VLAV,2023-10-25,"8,410.42","8,539.69","8,539.69","8,404.92",-1.51%
VLAV,2023-10-26,"8,409.66","8,410.42","8,473.92","8,383.23",-0.01%
VLAV,2023-10-27,"8,310.43","8,409.66","8,428.17","8,297.29",-1.18%
VLAV,2023-10-30,"8,368.24","8,310.43","8,395.51","8,302.01",0.70%
VLAV,2023-10-31,"8,430.76","8,368.24","8,439.94","8,358.59",0.75%
VLAV,2023-11-13,"8,670.27","8,682.84","8,699.65","8,629.06",-0.14%
VLAV,2023-11-14,"9,022.31","8,670.27","9,031.97","8,670.27",4.06%
VLAV,2023-11-15,"9,079.07","9,022.31","9,170.40","9,022.31",0.63%
VLAV,2023-11-16,"8,986.61","9,079.07","9,079.07","8,956.74",-1.02%
VLAV,2023-11-17,"9,073.44","8,986.61","9,073.92","8,986.61",0.97%
VLAV,2023-11-20,"9,119.12","9,073.44","9,130.36","9,045.81",0.50%
VLAV,2023-11-21,"9,053.22","9,119.12","9,119.12","9,051.94",-0.72%
VLAV,2023-11-22,"9,099.47","9,053.22","9,128.65","9,053.22",0.51%
VLAV,2023-11-23,"9,099.32","9,099.47","9,100.14","9,099.30",0.00%
VLAV,2023-11-24,"9,145.03","9,099.32","9,155.11","9,095.88",0.50%
VLAV,2023-11-27,"9,115.28","9,145.03","9,145.03","9,076.03",-0.33%
VLAV,2023-11-28,"9,099.01","9,115.28","9,145.87","9,068.20",-0.18%
VLAV,2023-11-29,"9,144.48","9,099.01","9,231.20","9,099.01",0.50%
VLAV,2023-11-30,"9,179.46","9,144.48","9,183.14","9,123.84",0.38%
VLAV,2023-12-13,"9,721.36","9,464.95","9,722.23","9,427.00",2.71%
VLAV,2023-12-14,"9,935.08","9,721.36","9,972.08","9,721.36",2.20%
VLAV,2023-12-15,"9,851.45","9,935.08","9,942.95","9,822.86",-0.84%
VLAV,2023-12-18,"9,851.45","9,851.45","9,890.34","9,839.33",0.00%
VLAV,2023-12-19,"9,996.63","9,851.45","10,003.15","9,851.45",1.47%
VLAV,2023-12-20,"9,818.21","9,996.63","10,036.14","9,817.91",-1.78%
VLAV,2023-12-21,"9,972.07","9,818.21","9,972.07","9,818.21",1.57%
VLAV,2023-12-22,"10,009.70","9,972.07","10,054.39","9,972.07",0.38%
VLAV,2023-12-25,"10,009.70","10,009.70","10,009.70","10,009.70",0.00%
VLAV,2023-12-26,"10,088.43","10,009.70","10,112.70","10,009.70",0.79%
VLAV,2023-12-27,"10,099.26","10,088.43","10,125.15","10,075.86",0.11%
VLAV,2023-12-28,"10,095.87","10,099.26","10,119.82","10,076.38",-0.03%
VLAV,2023-12-29,"10,018.16","10,095.87","10,095.87","10,007.27",-0.77%
VLAV,2024-01-15,"9,763.64","9,762.14","9,763.83","9,761.71",0.02%
VLAV,2024-01-16,"9,672.07","9,763.64","9,763.64","9,643.63",-0.94%
VLAV,2024-01-17,"9,581.99","9,672.07","9,672.07","9,532.28",-0.93%
VLAV,2024-01-18,"9,649.45","9,582.22","9,650.45","9,555.98",0.70%
VLAV,2024-01-19,"9,729.61","9,649.45","9,732.87","9,615.33",0.83%
VLAV,2024-01-22,"9,849.64","9,729.61","9,871.55","9,729.61",1.23%
VLAV,2024-01-23,"9,848.00","9,849.64","9,921.94","9,817.03",-0.02%
VLAV,2024-01-24,"9,781.38","9,848.00","9,931.73","9,778.84",-0.68%
VLAV,2024-01-25,"9,870.74","9,781.38","9,888.91","9,781.38",0.91%
VLAV,2024-01-26,"9,886.24","9,870.74","9,934.23","9,870.74",0.16%
VLAV,2024-01-29,"9,987.24","9,886.24","9,987.91","9,854.93",1.02%
VLAV,2024-01-30,"9,944.30","9,987.24","9,987.24","9,921.98",-0.43%
VLAV,2024-01-31,"9,767.96","9,944.30","9,968.23","9,765.23",-1.77%
VLAV,2024-02-13,"9,813.71","10,100.05","10,100.05","9,753.23",-2.84%
VLAV,2024-02-14,"9,971.43","9,813.71","9,977.52","9,813.71",1.61%
VLAV,2024-02-15,"10,127.49","9,971.43","10,133.79","9,971.43",1.57%
VLAV,2024-02-16,"10,050.50","10,127.49","10,130.99","10,039.35",-0.76%
VLAV,2024-02-19,"10,050.50","10,050.50","10,050.50","10,050.50",0.00%
VLAV,2024-02-20,"9,974.96","10,050.50","10,050.50","9,953.54",-0.75%
VLAV,2024-02-21,"9,962.17","9,974.96","9,974.96","9,902.63",-0.13%
VLAV,2024-02-22,"10,033.99","9,962.17","10,051.53","9,962.17",0.72%
VLAV,2024-02-23,"10,058.60","10,033.99","10,092.87","10,018.05",0.25%
VLAV,2024-02-26,"10,053.28","10,053.28","10,053.28","10,053.28",-0.05%
VLAV,2024-02-27,"10,126.96","10,053.28","10,132.10","10,053.28",0.73%
VLAV,2024-02-28,"10,095.23","10,126.96","10,141.04","10,073.36",-0.31%
VLAV,2024-02-29,"10,155.16","10,095.23","10,200.81","10,095.23",0.59%
VLAV,2024-03-13,"10,281.66","10,264.71","10,324.00","10,264.71",0.17%
VLAV,2024-03-14,"10,143.75","10,281.66","10,281.66","10,086.80",-1.34%
VLAV,2024-03-15,"10,149.17","10,143.75","10,176.65","10,107.05",0.05%
VLAV,2024-03-18,"10,135.10","10,167.42","10,180.40","10,126.97",-0.14%
VLAV,2024-03-19,"10,193.01","10,135.10","10,199.59","10,111.35",0.57%
VLAV,2024-03-20,"10,334.33","10,193.01","10,356.52","10,174.74",1.39%
VLAV,2024-03-21,"10,416.67","10,334.33","10,444.27","10,334.33",0.80%
VLAV,2024-03-22,"10,328.63","10,416.67","10,423.34","10,327.36",-0.85%
VLAV,2024-03-25,"10,318.38","10,328.63","10,377.38","10,318.38",-0.10%
VLAV,2024-03-26,"10,308.95","10,318.38","10,375.78","10,308.95",-0.09%
VLAV,2024-03-27,"10,496.43","10,308.95","10,497.91","10,308.95",1.82%
VLAV,2024-03-28,"10,551.11","10,496.43","10,577.97","10,496.43",0.52%
VLAV,2024-03-29,"10,551.11","10,551.11","10,551.11","10,551.11",0.00%
VLAV,2024-04-15,"9,931.82","10,044.63","10,133.12","9,903.16",-1.12%
VLAV,2024-04-16,"9,880.26","9,931.82","9,931.82","9,829.35",-0.52%
VLAV,2024-04-17,"9,826.58","9,880.26","9,947.22","9,819.50",-0.54%
VLAV,2024-04-18,"9,824.88","9,826.58","9,922.86","9,801.85",-0.02%
VLAV,2024-04-19,"9,858.43","9,824.88","9,887.48","9,809.91",0.34%
VLAV,2024-04-22,"9,934.01","9,858.43","9,983.24","9,857.44",0.77%
VLAV,2024-04-23,"10,069.33","9,934.01","10,097.50","9,934.01",1.36%
VLAV,2024-04-24,"10,064.45","10,069.33","10,090.33","10,006.83",-0.05%
VLAV,2024-04-25,"10,009.57","10,064.45","10,064.45","9,906.91",-0.55%
VLAV,2024-04-26,"10,066.83","10,009.57","10,094.63","10,009.57",0.57%
VLAV,2024-04-29,"10,136.37","10,066.83","10,147.26","10,066.83",0.69%
VLAV,2024-04-30,"9,952.55","10,136.37","10,136.37","9,952.55",-1.81%
VLAV,2024-05-13,"10,375.74","10,342.42","10,459.36","10,342.42",0.32%
VLAV,2024-05-14,"10,473.18","10,375.74","10,505.85","10,375.74",0.94%
VLAV,2024-05-15,"10,522.19","10,473.18","10,558.95","10,473.18",0.47%
VLAV,2024-05-16,"10,488.23","10,522.19","10,524.47","10,487.74",-0.32%
VLAV,2024-05-17,"10,484.66","10,522.19","10,522.19","10,461.78",-0.03%
VLAV,2024-05-20,"10,481.15","10,484.66","10,517.24","10,471.01",-0.03%
VLAV,2024-05-21,"10,452.49","10,481.15","10,481.15","10,428.54",-0.27%
VLAV,2024-05-22,"10,392.88","10,452.49","10,452.49","10,362.98",-0.57%
VLAV,2024-05-23,"10,243.37","10,392.88","10,414.46","10,219.97",-1.44%
VLAV,2024-05-24,"10,321.78","10,243.37","10,325.95","10,243.37",0.77%
VLAV,2024-05-27,"10,322.18","10,321.78","10,322.51","10,321.78",0.00%
VLAV,2024-05-28,"10,281.59","10,322.18","10,358.80","10,252.10",-0.39%
VLAV,2024-05-29,"10,150.19","10,281.59","10,281.59","10,147.93",-1.28%
VLAV,2024-05-30,"10,231.72","10,150.19","10,251.86","10,150.19",0.80%
VLAV,2024-05-31,"10,348.53","10,231.72","10,350.23","10,222.55",1.14%
VLAV,2024-06-13,"10,163.37","10,253.41","10,253.41","10,118.62",-0.88%
VLAV,2024-06-14,"10,041.74","10,163.37","10,163.37","9,991.40",-1.20%
VLAV,2024-06-17,"10,102.36","10,041.74","10,104.90","9,990.94",0.60%
VLAV,2024-06-18,"10,110.86","10,102.36","10,139.19","10,101.21",0.08%
VLAV,2024-06-19,"10,109.63","10,110.86","10,111.26","10,109.25",-0.01%
VLAV,2024-06-20,"10,104.80","10,109.63","10,135.73","10,078.27",-0.05%
VLAV,2024-06-21,"10,130.82","10,104.80","10,130.82","10,064.59",0.26%
VLAV,2024-06-24,"10,175.81","10,130.82","10,228.41","10,130.82",0.44%
VLAV,2024-06-25,"10,094.69","10,175.81","10,175.81","10,065.07",-0.80%
VLAV,2024-06-26,"10,085.75","10,094.69","10,094.69","10,042.14",-0.09%
VLAV,2024-06-27,"10,124.26","10,085.75","10,125.40","10,076.18",0.38%
VLAV,2024-06-28,"10,157.84","10,124.26","10,201.82","10,104.43",0.33%
VLAV,2024-07-15,"10,544.58","10,494.57","10,610.67","10,494.57",0.48%
VLAV,2024-07-16,"10,810.10","10,544.58","10,813.96","10,544.58",2.52%
VLAV,2024-07-17,"10,731.36","10,810.10","10,842.43","10,731.32",-0.73%
VLAV,2024-07-18,"10,588.00","10,731.36","10,821.90","10,560.89",-1.34%
VLAV,2024-07-19,"10,508.24","10,588.00","10,588.00","10,483.40",-0.75%
VLAV,2024-07-22,"10,625.07","10,508.24","10,629.80","10,468.81",1.11%
VLAV,2024-07-23,"10,639.69","10,625.07","10,677.38","10,583.99",0.14%
VLAV,2024-07-24,"10,453.45","10,639.69","10,641.15","10,451.11",-1.75%
VLAV,2024-07-25,"10,534.85","10,453.45","10,674.28","10,453.45",0.78%
VLAV,2024-07-26,"10,695.78","10,534.85","10,704.29","10,534.85",1.53%
VLAV,2024-07-29,"10,676.18","10,676.18","10,676.18","10,676.18",-0.18%
VLAV,2024-07-30,"10,714.79","10,714.79","10,714.79","10,714.79",0.36%
VLAV,2024-07-31,"10,795.97","10,795.97","10,795.97","10,795.97",0.76%
VLAV,2024-08-13,"10,270.89","10,270.89","10,270.89","10,270.89",1.59%
VLAV,2024-08-14,"10,260.16","10,260.16","10,260.16","10,260.16",-0.10%
VLAV,2024-08-15,"10,470.33","10,470.33","10,470.33","10,470.33",2.05%
VLAV,2024-08-16,"10,495.58","10,495.58","10,495.58","10,495.58",0.24%
VLAV,2024-08-19,"10,595.70","10,495.58","10,595.70","10,495.58",0.95%
VLAV,2024-08-20,"10,506.94","10,595.70","10,595.70","10,491.59",-0.84%
VLAV,2024-08-21,"10,620.81","10,506.94","10,621.28","10,506.94",1.08%
VLAV,2024-08-22,"10,543.45","10,620.81","10,637.01","10,532.57",-0.73%
VLAV,2024-08-23,"10,771.50","10,543.45","10,788.29","10,543.45",2.16%
VLAV,2024-08-26,"10,760.67","10,771.50","10,842.04","10,754.88",-0.10%
VLAV,2024-08-27,"10,731.29","10,760.67","10,760.67","10,699.97",-0.27%
VLAV,2024-08-28,"10,662.87","10,731.29","10,731.29","10,621.84",-0.64%
VLAV,2024-08-29,"10,722.70","10,662.87","10,806.08","10,662.87",0.56%
VLAV,2024-08-30,"10,779.05","10,722.70","10,779.05","10,675.12",0.53%
VLAV,2024-09-13,"10,708.08","10,528.74","10,716.06","10,528.74",1.70%
VLAV,2024-09-16,"10,764.92","10,708.08","10,768.73","10,708.08",0.53%
VLAV,2024-09-17,"10,824.27","10,764.92","10,896.78","10,764.92",0.55%
VLAV,2024-09-18,"10,813.05","10,824.27","10,994.45","10,796.80",-0.10%
VLAV,2024-09-19,"10,984.35","10,813.05","11,015.90","10,813.05",1.58%
VLAV,2024-09-20,"10,906.35","10,984.35","10,984.35","10,872.85",-0.71%
VLAV,2024-09-23,"10,929.63","10,906.35","10,948.84","10,898.02",0.21%
VLAV,2024-09-24,"10,973.28","10,929.63","10,991.48","10,929.63",0.40%
VLAV,2024-09-25,"10,866.47","10,973.28","10,978.58","10,858.11",-0.97%
VLAV,2024-09-26,"10,995.10","10,866.47","11,023.95","10,866.47",1.18%
VLAV,2024-09-27,"11,046.17","10,995.10","11,122.02","10,995.10",0.46%
VLAV,2024-09-30,"11,049.77","11,046.17","11,057.16","10,964.35",0.03%
VLAV,2024-10-14,"11,126.27","11,070.40","11,133.09","11,038.12",0.50%
VLAV,2024-10-15,"11,098.33","11,126.27","11,195.37","11,098.33",-0.25%
VLAV,2024-10-16,"11,198.62","11,098.33","11,217.39","11,098.33",0.90%
VLAV,2024-10-17,"11,195.65","11,198.62","11,219.58","11,162.52",-0.03%
VLAV,2024-10-18,"11,213.31","11,195.65","11,228.17","11,193.05",0.16%
VLAV,2024-10-21,"11,089.46","11,213.31","11,213.31","11,076.20",-1.10%
VLAV,2024-10-22,"11,028.92","11,089.46","11,089.46","10,999.87",-0.55%
VLAV,2024-10-23,"10,965.58","11,028.92","11,028.92","10,896.43",-0.57%
VLAV,2024-10-24,"10,989.93","10,965.58","11,014.50","10,942.68",0.22%
VLAV,2024-10-25,"10,954.98","10,989.93","11,070.84","10,945.29",-0.32%
VLAV,2024-10-28,"11,068.68","10,954.98","11,094.34","10,954.98",1.04%
VLAV,2024-10-29,"11,037.32","11,068.68","11,068.68","10,984.94",-0.28%
VLAV,2024-10-30,"11,017.23","11,037.32","11,121.89","11,004.65",-0.18%
VLAV,2024-10-31,"10,869.21","11,017.23","11,017.23","10,869.09",-1.34%
VLAV,2024-11-13,"11,423.93","11,471.06","11,522.06","11,421.23",-0.41%
VLAV,2024-11-14,"11,333.05","11,423.93","11,462.25","11,322.24",-0.80%
VLAV,2024-11-15,"11,216.92","11,333.05","11,336.75","11,200.11",-1.02%
VLAV,2024-11-18,"11,247.68","11,216.92","11,282.73","11,216.92",0.27%
VLAV,2024-11-19,"11,256.58","11,247.68","11,265.40","11,147.34",0.08%
VLAV,2024-11-20,"11,289.10","11,256.58","11,289.60","11,198.65",0.29%
VLAV,2024-11-21,"11,461.26","11,289.10","11,478.38","11,289.10",1.53%
VLAV,2024-11-22,"11,612.71","11,461.83","11,619.41","11,461.83",1.32%
VLAV,2024-11-25,"11,791.23","11,612.71","11,856.24","11,612.71",1.54%
VLAV,2024-11-26,"11,718.69","11,791.23","11,791.23","11,679.67",-0.62%
VLAV,2024-11-27,"11,718.57","11,718.69","11,808.06","11,715.65",0.00%
VLAV,2024-11-28,"11,719.57","11,718.57","11,720.22","11,718.57",0.01%
VLAV,2024-11-29,"11,755.97","11,719.57","11,788.42","11,719.57",0.31%
VLAV,2024-12-13,"11,513.19","11,579.59","11,579.59","11,476.11",-0.57%
VLAV,2024-12-16,"11,483.97","11,513.19","11,558.25","11,472.66",-0.25%
VLAV,2024-12-17,"11,391.69","11,483.97","11,483.97","11,375.29",-0.80%
VLAV,2024-12-18,"11,008.96","11,391.69","11,436.29","10,989.81",-3.36%
VLAV,2024-12-19,"10,968.17","11,009.21","11,125.27","10,958.65",-0.37%
VLAV,2024-12-20,"11,068.28","10,968.17","11,155.99","10,896.71",0.91%
VLAV,2024-12-23,"11,079.45","11,068.28","11,083.49","10,988.97",0.10%
VLAV,2024-12-24,"11,168.43","11,079.45","11,168.43","11,065.57",0.80%
VLAV,2024-12-25,"11,168.43","11,168.43","11,168.43","11,168.43",0.00%
VLAV,2024-12-26,"11,207.99","11,168.43","11,215.74","11,112.14",0.35%
VLAV,2024-12-27,"11,103.28","11,207.99","11,207.99","11,039.25",-0.93%
VLAV,2024-12-30,"11,006.77","11,103.28","11,103.28","10,912.59",-0.87%
VLAV,2024-12-31,"11,031.20","11,006.77","11,100.49","11,000.76",0.22%
VLAV,2025-01-13,"10,988.87","10,926.24","10,989.85","10,844.18",0.57%
VLAV,2025-01-14,"11,082.69","10,988.87","11,093.72","10,988.87",0.85%
VLAV,2025-01-15,"11,232.38","11,082.69","11,299.83","11,082.69",1.35%
VLAV,2025-01-16,"11,297.28","11,232.38","11,316.58","11,197.45",0.58%
VLAV,2025-01-17,"11,344.63","11,297.28","11,378.66","11,297.28",0.42%
VLAV,2025-01-20,"11,346.19","11,344.63","11,346.61","11,344.63",0.01%
VLAV,2025-01-21,"11,517.86","11,346.19","11,520.63","11,346.19",1.51%
VLAV,2025-01-22,"11,460.18","11,517.86","11,517.86","11,459.51",-0.50%
VLAV,2025-01-23,"11,517.94","11,460.18","11,518.06","11,410.84",0.50%
VLAV,2025-01-24,"11,508.45","11,517.94","11,548.71","11,491.12",-0.08%
VLAV,2025-01-27,"11,452.72","11,508.45","11,508.45","11,405.77",-0.48%
VLAV,2025-01-28,"11,446.76","11,452.72","11,472.16","11,403.53",-0.05%
VLAV,2025-01-29,"11,414.37","11,446.76","11,487.19","11,375.76",-0.28%
VLAV,2025-01-30,"11,538.16","11,414.37","11,582.42","11,414.37",1.08%
VLAV,2025-01-31,"11,431.96","11,538.16","11,581.63","11,412.52",-0.92%
VLAV,2025-02-13,"11,382.98","11,268.02","11,383.49","11,268.02",1.02%
VLAV,2025-02-14,"11,375.82","11,382.98","11,455.13","11,365.75",-0.06%
VLAV,2025-02-17,"11,375.82","11,375.82","11,375.82","11,375.82",0.00%
VLAV,2025-02-18,"11,453.26","11,375.82","11,453.49","11,375.82",0.68%
VLAV,2025-02-19,"11,422.55","11,453.26","11,453.26","11,374.03",-0.27%
VLAV,2025-02-20,"11,363.21","11,422.55","11,422.55","11,301.27",-0.52%
VLAV,2025-02-21,"11,145.83","11,363.21","11,408.71","11,125.85",-1.91%
VLAV,2025-02-24,"11,122.39","11,145.83","11,194.56","11,071.48",-0.21%
VLAV,2025-02-25,"11,106.83","11,122.39","11,157.35","11,038.65",-0.14%
VLAV,2025-02-26,"11,099.86","11,106.83","11,211.51","11,080.87",-0.06%
VLAV,2025-02-27,"10,944.07","11,099.86","11,104.43","10,944.03",-1.40%
VLAV,2025-02-28,"11,035.95","10,944.07","11,036.90","10,887.01",0.84%
VLAV,2025-03-13,"10,278.53","10,436.65","10,445.87","10,232.92",-1.52%
VLAV,2025-03-14,"10,512.68","10,278.53","10,517.15","10,278.53",2.28%
VLAV,2025-03-17,"10,663.86","10,512.68","10,698.37","10,509.36",1.44%
VLAV,2025-03-18,"10,584.76","10,663.86","10,663.86","10,544.13",-0.74%
VLAV,2025-03-19,"10,706.76","10,584.76","10,757.50","10,584.76",1.15%
VLAV,2025-03-20,"10,650.92","10,706.76","10,736.74","10,620.62",-0.52%
VLAV,2025-03-21,"10,600.21","10,650.92","10,650.92","10,508.24",-0.48%
VLAV,2025-03-24,"10,809.34","10,600.21","10,815.30","10,600.21",1.97%
VLAV,2025-03-25,"10,765.56","10,809.34","10,836.03","10,733.07",-0.41%
VLAV,2025-03-26,"10,703.98","10,765.56","10,805.74","10,670.28",-0.57%
VLAV,2025-03-27,"10,661.44","10,703.98","10,722.38","10,613.82",-0.40%
VLAV,2025-03-28,"10,451.97","10,661.44","10,661.44","10,416.65",-1.96%
VLAV,2025-03-31,"10,449.86","10,451.97","10,492.28","10,260.50",-0.02%
VLAV,2025-04-14,"9,834.52","9,733.88","9,888.69","9,707.91",1.03%
VLAV,2025-04-15,"9,801.19","9,834.52","9,914.50","9,774.70",-0.34%
VLAV,2025-04-16,"9,687.38","9,801.19","9,810.07","9,590.97",-1.16%
VLAV,2025-04-17,"9,779.78","9,687.38","9,828.89","9,687.38",0.95%
VLAV,2025-04-18,"9,779.78","9,779.78","9,779.78","9,779.78",0.00%
VLAV,2025-04-21,"9,587.41","9,779.78","9,779.78","9,496.35",-1.97%
VLAV,2025-04-22,"9,824.86","9,587.41","9,854.02","9,587.41",2.48%
VLAV,2025-04-23,"9,956.82","9,824.86","10,216.65","9,824.86",1.34%
VLAV,2025-04-24,"10,174.39","9,956.82","10,180.66","9,956.82",2.19%
VLAV,2025-04-25,"10,168.57","10,174.39","10,174.39","10,072.73",-0.06%
VLAV,2025-04-28,"10,207.76","10,168.57","10,256.85","10,109.21",0.39%
VLAV,2025-04-29,"10,256.29","10,207.76","10,282.96","10,146.95",0.48%
VLAV,2025-04-30,"10,225.93","10,255.92","10,255.92","10,011.95",-0.30%
VLAV,2025-05-13,"10,990.11","10,948.37","11,031.60","10,948.37",0.38%
VLAV,2025-05-14,"10,920.07","10,990.11","10,990.11","10,905.54",-0.64%
VLAV,2025-05-15,"10,977.44","10,920.07","10,978.03","10,864.15",0.53%
VLAV,2025-05-16,"11,074.61","10,977.44","11,075.76","10,966.08",0.89%
VLAV,2025-05-19,"11,040.24","11,074.61","11,074.61","10,938.03",-0.31%
VLAV,2025-05-20,"11,027.46","11,040.24","11,063.05","10,993.45",-0.12%
VLAV,2025-05-21,"10,742.51","11,027.46","11,027.46","10,732.79",-2.58%
VLAV,2025-05-22,"10,747.42","10,742.51","10,800.17","10,685.20",0.05%
VLAV,2025-05-23,"10,698.93","10,747.37","10,747.37","10,598.64",-0.45%
VLAV,2025-05-26,"10,701.30","10,698.93","10,701.87","10,698.93",0.02%
VLAV,2025-05-27,"10,945.58","10,701.30","10,948.01","10,701.30",2.28%
VLAV,2025-05-28,"10,837.72","10,945.58","10,953.17","10,831.10",-0.99%
VLAV,2025-05-29,"10,872.06","10,840.03","10,901.71","10,791.46",0.32%
VLAV,2025-05-30,"10,833.61","10,872.06","10,872.06","10,758.36",-0.35%
VLAV,2025-06-13,"10,920.89","11,106.83","11,106.83","10,895.71",-1.67%
VLAV,2025-06-16,"11,059.19","10,920.89","11,097.29","10,920.89",1.27%
VLAV,2025-06-17,"10,938.20","11,059.19","11,059.19","10,937.28",-1.09%
VLAV,2025-06-18,"10,954.65","10,938.20","11,030.13","10,937.78",0.15%
VLAV,2025-06-19,"10,954.85","10,954.65","10,955.04","10,954.29",0.00%
VLAV,2025-06-20,"10,947.55","10,954.85","11,024.25","10,921.56",-0.07%
VLAV,2025-06-23,"11,045.42","10,947.55","11,047.40","10,869.28",0.89%
VLAV,2025-06-24,"11,178.93","11,045.42","11,195.96","11,045.42",1.21%
VLAV,2025-06-25,"11,090.42","11,178.93","11,181.29","11,083.47",-0.79%
VLAV,2025-06-26,"11,225.80","11,090.42","11,229.02","11,090.42",1.22%
VLAV,2025-06-27,"11,257.52","11,225.80","11,315.43","11,187.71",0.28%
VLAV,2025-06-30,"11,287.55","11,257.52","11,298.53","11,255.57",0.27%
VLAV,2025-07-14,"11,555.88","11,551.95","11,562.71","11,501.47",0.03%
VLAV,2025-07-15,"11,375.14","11,555.88","11,597.20","11,374.96",-1.56%
VLAV,2025-07-16,"11,429.91","11,375.14","11,442.67","11,278.13",0.48%
VLAV,2025-07-17,"11,544.77","11,429.91","11,564.56","11,429.91",1.00%
VLAV,2025-07-18,"11,507.63","11,544.77","11,600.22","11,483.19",-0.32%
VLAV,2025-07-21,"11,482.25","11,507.63","11,579.95","11,480.45",-0.22%
VLAV,2025-07-22,"11,646.15","11,482.25","11,662.45","11,482.25",1.43%
VLAV,2025-07-23,"11,785.02","11,646.15","11,787.18","11,646.15",1.19%
VLAV,2025-07-24,"11,673.05","11,785.02","11,785.02","11,672.92",-0.95%
VLAV,2025-07-25,"11,735.37","11,673.05","11,740.71","11,650.02",0.53%
VLAV,2025-07-28,"11,692.01","11,735.37","11,748.14","11,680.03",-0.37%
VLAV,2025-07-29,"11,641.06","11,692.01","11,726.33","11,619.98",-0.44%
VLAV,2025-07-30,"11,550.61","11,640.77","11,680.40","11,497.01",-0.78%
VLAV,2025-07-31,"11,423.97","11,550.61","11,550.61","11,408.49",-1.10%
VLAV,2025-08-13,"11,858.63","11,637.93","11,859.95","11,637.93",1.90%
VLAV,2025-08-14,"11,733.64","11,858.63","11,858.63","11,663.85",-1.05%
VLAV,2025-08-15,"11,704.92","11,733.64","11,764.01","11,687.67",-0.24%
VLAV,2025-08-18,"11,725.57","11,704.92","11,749.70","11,702.64",0.18%
VLAV,2025-08-19,"11,734.62","11,727.25","11,823.15","11,707.52",0.08%
VLAV,2025-08-20,"11,690.44","11,734.62","11,734.62","11,644.15",-0.38%
VLAV,2025-08-21,"11,671.83","11,690.44","11,690.63","11,608.10",-0.16%
VLAV,2025-08-22,"12,010.62","11,671.83","12,031.32","11,671.83",2.90%
VLAV,2025-08-25,"11,915.94","12,010.62","12,010.62","11,915.03",-0.79%
VLAV,2025-08-26,"11,937.70","11,915.94","11,963.71","11,915.94",0.18%
VLAV,2025-08-27,"12,010.51","11,937.70","12,022.65","11,921.07",0.61%
VLAV,2025-08-28,"12,014.25","12,010.51","12,041.28","11,959.93",0.03%
VLAV,2025-08-29,"11,987.69","12,014.25","12,038.34","11,960.11",-0.22%
VLAV,2025-09-15,"12,038.08","12,029.10","12,090.51","12,027.75",0.07%
VLAV,2025-09-16,"12,028.27","12,038.08","12,055.19","11,978.23",-0.08%
VLAV,2025-09-17,"12,017.91","12,028.27","12,208.32","11,967.59",-0.09%
VLAV,2025-09-18,"12,158.52","12,017.91","12,175.19","12,017.91",1.17%
VLAV,2025-09-19,"12,080.21","12,158.52","12,168.67","12,064.81",-0.64%
VLAV,2025-09-22,"12,112.14","12,080.21","12,130.15","12,033.33",0.26%
VLAV,2025-09-23,"12,088.30","12,112.14","12,207.31","12,078.64",-0.20%
VLAV,2025-09-24,"12,031.58","12,088.30","12,117.57","12,030.14",-0.47%
VLAV,2025-09-25,"11,920.57","12,031.58","12,031.58","11,876.37",-0.92%
VLAV,2025-09-26,"12,038.00","11,920.57","12,040.30","11,920.57",0.99%
VLAV,2025-09-29,"12,045.35","12,038.00","12,084.88","12,012.45",0.06%
VLAV,2025-09-30,"12,060.70","12,045.35","12,063.97","11,963.63",0.13%
VLAV,2025-10-13,"11,887.32","11,695.15","11,914.03","11,695.15",1.64%
VLAV,2025-10-14,"12,017.30","11,887.32","12,071.84","11,765.65",1.09%
VLAV,2025-10-15,"12,057.90","12,017.30","12,173.24","11,982.29",0.34%
VLAV,2025-10-16,"11,951.92","12,057.90","12,100.34","11,902.89",-0.88%
VLAV,2025-10-17,"11,960.00","11,951.92","11,972.94","11,899.50",0.07%
VLAV,2025-10-20,"12,103.57","11,960.00","12,110.67","11,960.00",1.20%
VLAV,2025-10-21,"12,156.42","12,103.57","12,185.91","12,069.95",0.44%
VLAV,2025-10-22,"12,074.61","12,155.77","12,168.57","12,025.69",-0.67%
VLAV,2025-10-23,"12,182.69","12,074.61","12,193.63","12,074.61",0.90%
VLAV,2025-10-24,"12,230.09","12,182.69","12,294.20","12,182.69",0.39%
VLAV,2025-10-27,"12,262.37","12,230.09","12,311.61","12,230.09",0.26%
VLAV,2025-10-28,"12,208.55","12,260.70","12,260.71","12,174.50",-0.44%
